"Study_Id","Opioid.Substance","g__Anaerococcus","g__Bacteroides","g__Campylobacter","g__Dialister","g__Fenollaria","g__Finegoldia","g__Odoribacter","g__Parabacteroides","g__Peptoniphilus","g__Porphyromonas","g__Prevotella","g__Streptococcus","g__Sutterella"
"2048","Yes",-0.199875715725454,0.208133362631358,-0.320158376946575,-0.240702047572141,-0.265947416925765,-0.332114601511816,-0.220106520408863,0.672734123432942,-0.18298705303706,-0.292465689575963,-0.473154871517174,-0.2159905548921,-0.29318818714312
"2049","No",0.996533404184067,0.827780614834642,0.0797880931030602,0.951696102140913,0.0450388659894182,0.40941266857203,0.195056785374171,-2.06030485329418,1.09454685998595,0.849876071740023,0.66108992488406,0.423845244927396,0.176683555236362
"2051","Yes",-0.846054457073766,0.3406589362922,-0.536168855571912,-0.88471447003337,-0.433910634128523,-0.732612349384606,-0.444335588810793,0.47708687516808,-0.872981171444837,-0.909442732991179,1.24323568831806,-0.561564894736833,-0.546965198729987
"3001","Yes",-0.218010722980292,0.528330796749773,-0.326220711323001,-0.258776257084467,-0.270661304845015,-0.343354571350602,-0.226399509518548,0.387065019673826,-0.202351738908668,-0.30978115113859,-0.490347600383245,-0.225689099209874,-0.300310439318479
"3002","No",-0.0383708395864726,-0.194814764477779,-0.266169065069318,-0.079738617694307,-0.223966960351732,-0.232014838048273,-0.164063067410937,0.78671086285251,-0.010531031971512,-0.138259438888341,-0.320041641012947,-0.1296182597637,-0.22975956871204
"3003","No",-0.14437083157724,0.622462800924343,-0.301603701864132,-0.185383243948032,-0.251519862573625,-0.297713003819333,-0.200845892245297,0.163275809628276,-0.123718554780277,-0.239469146784391,-0.420533970378668,-0.186306719027034,-0.271389476157646
"3004","No",-0.137211673904164,0.698324678979015,-0.299210473835168,-0.178248087402648,-0.249658960816438,-0.293275800393621,-0.198361608636358,-0.508020224296993,-0.116073956821407,2.59884534710141,-0.413746795989763,-0.182478024227272,-0.268577824328988
"3035","No",-0.113876301859415,0.642901065456019,-0.291409714445021,-0.154990947360847,-0.24359332616699,-0.278812675329811,-0.190264052341812,0.0890057567960367,-0.0911562855465257,-0.210352706422422,-0.391623908531462,-0.16999834132627,-0.259413206858863
"3034","Yes",-1.05659129529727,-0.121169281022896,-0.606549015553698,-1.09454548198949,-0.488636118618973,-0.863101831871804,6.15473997830393,0.62513885327625,-1.09779385992677,-1.11046512457603,-1.28535629321704,-0.67415932755626,-0.62965038506376
"3031","No",0.996533404184067,0.827780614834642,0.0797880931030602,0.951696102140913,0.0450388659894182,0.40941266857203,0.195056785374171,-2.06030485329418,1.09454685998595,0.849876071740023,0.66108992488406,0.423845244927396,0.176683555236362
"3030","No",0.996533404184067,-2.19056650433614,0.0797880931030602,0.951696102140913,0.0450388659894182,0.40941266857203,0.195056785374171,-2.06030485329418,1.09454685998595,0.849876071740023,0.66108992488406,0.423845244927396,6.15735642638509
"3033","Yes",-0.470583111434931,0.153787853862599,-0.410652895526075,-0.510501894786639,-0.336313218513525,-0.499897438328654,-0.314044100315611,0.65606835157112,-0.472050277957271,2.11801431023391,-0.729796558563178,-0.360764010868367,-0.399504457706691
"3032","No",-0.0829554406697462,-0.0964745182651805,-0.281073209082509,-0.124173748581148,-0.23555597211653,-0.259648109124941,-0.17953427208894,0.768045698660166,-0.0581387766256084,-0.180829201088824,-0.362309667005721,-0.153461962907577,-0.247269502267107
"3027","No",-0.203769923404757,0.557006171302017,-0.321460167938519,-0.244583199892136,-0.266959650242056,-0.334528208313636,-0.221457840878292,0.333395209580592,-0.187145314865623,-0.296183912703217,-0.476846739727514,-0.218073164798432,-0.294717578817767
"3029","Yes",0.996533404184067,0.827780614834642,0.0797880931030602,0.951696102140913,0.0450388659894182,0.40941266857203,0.195056785374171,-2.06030485329418,1.09454685998595,0.849876071740023,0.66108992488406,0.423845244927396,0.176683555236362
"3049","No",-2.24730272481789,0.444364251436224,2.3161917521367,4.03516266048987,1.69057511856539,2.32695551276176,-0.930579678210075,-0.287508226916368,-2.36924373984055,-2.24736668189659,-0.129514678108608,-1.31094802064075,-1.09728444497658
"3048","No",-0.00867072043401637,0.68845168304813,-0.256240640404705,-0.0501380684053444,-0.216246917513828,-0.21360688051118,-0.153756894176136,-0.142452432715317,0.0211829601793975,-0.109901508595669,-0.291884712884785,-0.113734730311765,-0.218095292251076
"3046","No",0.996533404184067,-2.19056650433614,0.0797880931030602,0.951696102140913,0.0450388659894182,0.40941266857203,0.195056785374171,0.935204101442529,1.09454685998595,0.849876071740023,0.66108992488406,0.423845244927396,0.176683555236362
"2009","Yes",2.51935993765519,-2.0396491483776,0.588852330765972,2.46941734868426,0.440871825875758,1.35325151381711,0.723489482224392,-1.91052940555735,2.72063153937034,2.30388399885752,2.10479178461409,1.23824804144196,0.774750842351235
"3050","No",0.996533404184067,-2.19056650433614,0.0797880931030602,0.951696102140913,0.0450388659894182,0.40941266857203,0.195056785374171,0.935204101442529,1.09454685998595,0.849876071740023,0.66108992488406,0.423845244927396,0.176683555236362
"3025","Yes",0.164364670374533,0.729583243377247,-0.198396803713814,0.122317220008533,-0.171269298984477,-0.106360572505889,-0.0937122625613505,-0.489608489203627,0.205951344365428,0.0553141770898322,-0.127840082706193,-0.021195952536952,-0.150138237076943
"3020","Yes",2.51935993765519,-2.0396491483776,0.588852330765972,2.46941734868426,0.440871825875758,1.35325151381711,0.723489482224392,-1.91052940555735,2.72063153937034,2.30388399885752,2.10479178461409,1.23824804144196,0.774750842351235
"3021","No",-0.121995926890505,-2.3014166146393,-0.294124016196212,-0.163083351290505,7.46378836466576,-0.283845170722244,-0.193081625623,-2.17031622207866,-0.0998264771771547,-0.218105394532942,3.99344257564484,-0.174340691020491,-0.262602067840727
"3018","No",0.513963860098349,0.777377642317462,-0.0815296221322937,0.4707443759294,-0.0803969120115396,0.110318929902978,0.0276013858299172,-1.15595925473985,0.579255771258561,0.389114502996699,0.203594252899936,0.165768584468668,-0.0128383973512081
"3019","Yes",0.996533404184067,0.827780614834642,0.0797880931030602,0.951696102140913,0.0450388659894182,0.40941266857203,0.195056785374171,-2.06030485329418,1.09454685998595,0.849876071740023,0.66108992488406,0.423845244927396,0.176683555236362
"3017","Yes",-0.220296448706951,0.285374304003051,-0.32698480440844,-0.261054319899155,-0.271255440526253,-0.344771250586863,-0.227192674191903,0.632229762640437,-0.204792452610262,-0.311963581804677,-0.492514561891913,-0.226911498073396,-0.301208123824485
"3044","No",-0.506213364706521,0.0170280941056009,-0.422563699101381,-0.546012697377365,1.5340878077402,-0.521980857788777,-0.326408076390316,0.69349518982025,-0.51009650823634,-0.584959522723018,-0.763575496465971,-0.379818957224446,-0.413497705424002
"3045","Yes",-2.82845762388193,-0.364371775412922,-1.19886453014191,-2.86047161593854,4.14606583963824,5.53517122777234,-1.13224496565429,0.162003189655941,-2.98980495081654,-2.80225839907477,2.07591648999351,-1.62174781602326,-1.32552431750133
"3040","Yes",-0.236358595951304,0.444669738631352,-0.33235420437781,-0.277062618679119,-0.275430523601126,-0.354726474096603,-0.232766364693731,0.502575484060833,-0.2219437242607,-0.327299858725583,-0.507742134657586,-0.235501483437003,-0.307516291312067
"3041","No",-0.231508819983653,0.345414401174019,-0.330732977368992,-0.272229101620349,-0.274169906496113,-0.351720611742358,-0.231083454567478,0.592493939952377,-0.216765100020769,-0.322669250743179,-0.503144348613097,-0.23290783864312,-0.305611614520367
"3042","No",-1.10988122449755,0.312800194841846,-0.624363255447207,-1.14765675631809,-0.502487932954912,-0.896130613636556,-0.535885536980693,0.451455995898988,-1.15469721400778,-1.1613468092523,-0.3215315599635,-0.702658612545636,1.74983495054074
"3043","No",-0.208809065497346,0.548031018015458,-0.323144697969652,-0.249605448224544,-0.268269489863283,-0.337651438667952,-0.223206462528407,0.351223571195794,-0.192526145560319,-0.300995329097305,-0.481624052606303,-0.220768081994867,-0.296696626315601
"3036","No",-0.952989632860393,0.549067895279084,-0.571916114070938,-0.99129114487254,-0.46170662153564,-0.798890136520657,-0.481442929723928,-0.529328228802485,-0.987167289963246,-1.01154536245289,-1.18713767839536,-0.618753487325838,3.79743753827689
"3037","Yes",-1.33046537729981,0.183603894733945,-0.698102122690898,-1.36750139915843,-0.559825046663268,-1.03284736205417,-0.612429960252607,0.362128839986345,-1.39023849431969,-1.37196246357762,-1.5450001284329,-0.820626317310715,3.92773045776273
"3038","Yes",-0.196140739632577,0.568925997693863,-0.318909815330646,-0.236979593013531,-0.264976573162898,-0.329799685501991,-0.218810454543152,0.308059137688833,-0.178998819795122,-0.288899502142743,-0.469613961365678,-0.213993101532772,-0.291721331286456
"3039","No",0.996533404184067,0.827780614834642,0.0797880931030602,0.951696102140913,0.0450388659894182,0.40941266857203,0.195056785374171,-2.06030485329418,1.09454685998595,0.849876071740023,0.66108992488406,0.423845244927396,0.176683555236362
"2025","Yes",-0.183871160559566,0.585064354553146,-0.314808229378496,-0.224751147792785,-0.261787303936049,-0.322195073230416,-0.214552814807923,0.270321263436167,-0.165897278605371,-0.277184402069009,-0.457981898398248,-0.207431369589253,-0.286902638080795
"2024","Yes",0.996533404184067,-2.19056650433614,0.0797880931030602,0.951696102140913,0.0450388659894182,0.40941266857203,0.195056785374171,0.935204101442529,1.09454685998595,0.849876071740023,0.66108992488406,0.423845244927396,0.176683555236362
"2019","No",-0.0571700273692245,0.67079453845779,-0.272453427724528,-0.0984747810645401,-0.228853490747642,-0.243666463035378,-0.170586532349514,-0.0390674379182664,-0.0306049343934275,-0.156209065755681,-0.337864040194231,-0.139672005719635,-0.237142667830733
"2018","No",0.495707366538759,-1.24468536912315,-0.0876325680503208,0.452549087396033,-0.0851423782376676,0.0990036635737059,0.0212662400239577,0.88312457186056,0.559761361472528,0.371683045260992,0.186286350046383,0.156005069660721,-0.0200083614511419
"2017","No",0.222688590973408,0.739442903917854,-0.178899755609785,0.180445609243286,-0.156108983862961,-0.0702117527563864,-0.0734734067392826,-0.60264814661918,0.268230029194543,0.111002360233079,-0.0725466196724152,0.00999549507405568,-0.127232391795298
"2016","No",0.996533404184067,0.827780614834642,0.0797880931030602,0.951696102140913,0.0450388659894182,0.40941266857203,0.195056785374171,-2.06030485329418,1.09454685998595,0.849876071740023,0.66108992488406,0.423845244927396,0.176683555236362
"2023","No",-0.194873011531016,0.191771068854153,-0.318486027705857,-0.235716114979567,-0.264647048718884,-0.329013955150462,-0.218370542993901,0.680116002785316,-0.177645130981417,-0.28768906440175,-0.468412103256676,-0.213315124567938,-0.29122345008342
"2022","No",-1.44079379068643,0.0330871147508746,4.29457474346379,-1.47745993574408,-0.588503048701259,-1.10122825771088,-0.650714781106239,0.552835705906025,-1.50804793535946,-1.47730498560788,0.29888238344621,-0.879629602597761,-0.78054015423294
"2021","Yes",-1.72212849898204,-0.0671990721054268,-0.829030816194401,-1.75785146740268,-0.66163124016347,-1.27559783977997,-0.748340121454985,0.533840934954192,-1.8084590779837,-1.74592579503303,1.00102793158806,7.63619496795848,-0.891030142464289
"2020","Yes",-0.201637559093913,0.214067033924156,-0.320747341895328,-0.242457984348011,-0.266405378262835,-0.333206581572473,-0.22071789381362,0.669964453934041,-0.184868361541973,-0.294147912841563,-0.474825171115776,-0.216932783133305,-0.293880124708257
"2037","Yes",-0.0810940535246747,-0.100681825458841,-0.280450967739077,-0.122318601749895,-0.235072136061055,-0.258494432422478,-0.178888356216493,0.768925837732996,-0.0561511745892132,-0.179051932565534,-0.360544995834086,-0.1524664989706,-0.246538470376307
"2036","No",0.104685318379242,0.717923568778393,-0.218346957693894,0.0628379434708875,-0.186781935535765,-0.143349480588425,-0.114421463660744,-0.372382829792922,0.14222532053924,-0.00166818365784714,-0.184418550160851,-0.0531122805565045,-0.173576407715617
"2039","Yes",-0.211180627267596,0.248187008768424,-0.323937485104698,-0.251969059316869,-0.268885937169945,-0.339121318574469,-0.22402941297907,0.652997355352432,-0.195058515581498,-0.303259716759196,-0.483872390196253,-0.22203638570205,-0.297628021640665
"2038","Yes",-0.426397193851099,0.544607536286406,-0.39588202704181,-0.466464110809934,0.871596064702352,-0.472511268918172,-0.298711241924705,0.287128053696305,-0.424868250294648,-0.508750353401928,-0.687906500839892,-0.337133522394535,-0.382151101118
"2041","No",-0.237105629649963,0.409744994981145,-0.332603929564466,-0.27780714794192,-0.275624702355945,-0.355189481148295,-0.233025591219762,0.538558493431022,-0.222741411998387,-0.328013132953344,-0.508450353168579,-0.235900994687895,-0.307809677595876
"2040","Yes",0.00636173777373658,0.693148093011307,-0.251215454206848,-0.035156006622065,-0.212339484660541,-0.204289852153616,-0.148540513809487,-0.17372623814301,0.0372347227720781,-0.0955483876605392,-0.277633327455232,-0.105695419376608,-0.212191519693025
"2043","Yes",-0.208423571902044,0.237936116895692,-0.323015831681271,-0.249221246999299,-0.268169287333651,-0.337412512026052,-0.223072693241029,0.658289691403435,-0.192114512839492,-0.300627256482925,-0.481258588905601,-0.22056192124369,-0.296545229486301
"2042","No",-0.134652997087533,0.0255425225698797,-0.298355136188723,-0.175697988568484,-0.248993876123298,-0.291689947692158,-0.197473727803668,0.738475412794189,-0.113341784062678,-0.230190474478727,-0.411321065680088,-0.181109651987203,-0.267572942375139
"2045","Yes",-0.147072178249033,0.0568706163608357,-0.302506732481155,-0.18807553433564,-0.252222031878711,-0.299387282450071,-0.201783280631648,0.729370839023373,-0.126603071394717,-0.242048415918694,-0.423094957548332,-0.187751390652797,-0.272450389557857
"2044","No",-0.233107348300715,0.473448577366202,-0.331267347884098,-0.273822270859708,-0.274585416852216,-0.352711370103672,-0.231638156374289,0.468258505418705,-0.218472019586986,-0.324195539387121,-0.504659818860987,-0.233762726513215,-0.306239412547882
"3013","Yes",-0.22978993050182,0.334175190509638,-0.330158371434262,-0.270515974727891,-0.273723110294211,-0.350655254245638,-0.23048698649675,0.600605048775484,-0.214929657972361,-0.32102804021953,-0.501514771056461,-0.231988582004143,-0.304936546450134
"3012","Yes",2.51935993765519,-2.0396491483776,0.588852330765972,2.46941734868426,0.440871825875758,1.35325151381711,0.723489482224392,-1.91052940555735,2.72063153937034,2.30388399885752,2.10479178461409,1.23824804144196,0.774750842351235
"3011","Yes",-2.64467517376929,0.138206475358323,1.41659683451789,-2.67730529781434,-0.901431619844249,4.03811065783224,-1.06847102055143,0.261469620441468,-2.79356078255484,3.52813206040954,0.786025894628063,-1.52346154504474,-1.25334651593147
"3010","Yes",0.0149851609955937,-0.307547127120323,-0.248332738236255,-0.0265614934887042,-0.210097971879384,-0.198945105633325,-0.14554811862261,0.804130671853661,0.046442873586831,-0.087314668686068,-0.269457969416088,-0.101083640009065,-0.2088047995259
"3009","No",0.996533404184067,-2.19056650433614,0.0797880931030602,0.951696102140913,0.0450388659894182,0.40941266857203,0.195056785374171,0.935204101442529,1.09454685998595,0.849876071740023,0.66108992488406,0.423845244927396,0.176683555236362
"3008","No",-0.234473186719388,0.463992217996592,-0.331723932713748,-0.27518353029524,-0.274940443411122,-0.35355790864732,-0.232112112969592,0.480061345614777,-0.219930471274229,-0.325499653706291,-0.505954689564766,-0.23449317256423,-0.306775825106857
"3007","No",-0.223822290424828,0.512412704644006,-0.328163454692487,-0.264568341207264,-0.272171923351186,-0.346956546352582,-0.228416168796636,0.413151261162041,-0.208557370723625,-0.315330085930311,-0.495857204099236,-0.228797107032784,-0.302592845291218
"3015","No",0.996533404184067,-2.19056650433614,0.0797880931030602,0.951696102140913,0.0450388659894182,0.40941266857203,0.195056785374171,0.935204101442529,1.09454685998595,0.849876071740023,0.66108992488406,0.423845244927396,0.176683555236362
"3014","No",-0.21247272328384,0.253124089611844,-0.324369418656576,-0.253256823571906,-0.269221795640575,-0.33992215201486,-0.224477780384973,0.650385111609813,-0.196438224622631,-0.304493421195599,-0.48509735008538,-0.222727394550311,-0.29813547297681
"2002","Yes",-0.230352405998012,0.488091278640484,-0.330346400834446,-0.271076564520929,-0.273869316270812,-0.351003873219065,-0.230682169885555,0.448849345275037,-0.21553027318807,-0.321565096681509,-0.502048020840371,-0.232289392114159,-0.305157450267267
"2001","Yes",2.51935993765519,-2.0396491483776,0.588852330765972,2.46941734868426,0.440871825875758,1.35325151381711,0.723489482224392,-1.91052940555735,2.72063153937034,2.30388399885752,2.10479178461409,1.23824804144196,0.774750842351235
"2004","Yes",-0.568788041613747,0.593047000603684,-0.443481728500416,-0.608377592229312,-0.361839926469884,-0.560764271063747,-0.348121977839908,0.0548321549341025,-0.57691417998017,-0.644706364704116,-0.822898850398509,-0.413283695816884,1.33687691928539
"2003","Yes",-0.459690351060844,0.462081038643776,-0.407011564991046,-0.499645652470205,-0.333481829983421,-0.493146170113242,-0.310264227418662,0.429588400724528,-0.460418913273774,-0.540538947465492,0.150143913623047,-0.354938597194888,-0.395226489400429
"2008","No",-0.234542805889941,0.463445746483604,-0.331747205640248,-0.275252916067022,-0.274958539735122,-0.353601058195937,-0.232136271365338,0.480726933589051,-0.220004811104893,-0.32556612669165,-0.506020691386898,-0.234530404675664,-0.306803166992192
"2005","Yes",-0.228944263720228,0.494242539698289,-0.329875674287853,-0.269673143050279,-0.27350329354038,-0.350131114994676,-0.230193533520846,0.440251702287483,-0.214026649148188,-0.320220590272273,-0.500713044347305,-0.231536322093568,-0.304604423501949
"2011","No",-0.218992738117305,0.525882392216932,-0.326548988231834,-0.259754980008656,-0.270916563044024,-0.343963218502828,-0.226740276438347,0.391233423235773,-0.203400341447514,-0.310718787673272,-0.491278590911993,-0.226214277788146,-0.30069611103879
"2010","Yes",-0.229823589785346,0.490481839219671,-0.33016962336423,-0.270549521168426,-0.273731859454757,-0.350676116069751,-0.230498666530934,0.445540675287989,-0.214965599587547,-0.321060178394163,-0.501546681434404,-0.232006582882135,-0.304949765629037
"2015","No",-0.213544817595849,0.538534876087665,-0.32472780804739,-0.254325323680009,-0.269500468395136,-0.340586629704997,-0.224849805481805,0.369031868539018,-0.197583014326052,-0.3055170661046,-0.486113739357588,-0.223300747185451,-0.298556521942416
"2014","No",-0.150207331946188,0.0649509505535806,-0.303554780037275,-0.191200177407432,-0.25303696197112,-0.30133043209985,-0.202871203442824,0.726902009111966,-0.129950810143949,-0.245041887747692,-0.426067211527126,-0.189428060898781,-0.273681674162593
"2028","No",0.120985315652491,0.72130070176292,-0.212898047063935,0.0790832948858117,-0.182545027375186,-0.133246839042763,-0.108765237341833,-0.404591346666222,0.159630570091612,0.0138951945250085,-0.16896548583622,-0.0443950937524004,-0.16717482819561
"2029","Yes",-2.10848022167314,-0.248029768450364,5.80285852840284,-2.1429079431592,-0.762056825473843,-1.51505634394198,6.37612211433906,0.45784726133634,-2.22100811315828,-2.11481775685608,-2.28259003314719,-1.2367061865938,-1.04276398842988
"2026","No",-0.00110084194326629,0.690855488810502,-0.253710112903118,-0.0425935679867872,-0.214279255837916,-0.208915114760901,-0.151130087236689,-0.158239494480408,0.0292661286612025,-0.102673723230137,-0.284708158356203,-0.109686383322375,-0.215122335979798
"2027","Yes",-0.158295680507396,0.611103743424068,-0.306258626407011,-0.1992614097218,-0.255139391158689,-0.306343542521921,-0.205677923544766,0.199200977858613,-0.138587604544242,-0.252764712814627,-0.433735296895552,-0.193753684036183,-0.276858251779883
"2033","No",-0.229598065065251,0.332992853406196,-0.330094232919432,-0.270324752521581,-0.273673238124277,-0.350536337187055,-0.230420407692237,0.601438768026743,-0.214724782735392,-0.320844845443514,-0.501332874772476,-0.231885972977663,-0.304861194176833
"2030","No",0.996533404184067,-2.19056650433614,0.0797880931030602,0.951696102140913,0.0450388659894182,0.40941266857203,0.195056785374171,0.935204101442529,1.09454685998595,0.849876071740023,0.66108992488406,0.423845244927396,0.176683555236362
"2031","Yes",0.996533404184067,0.827780614834642,0.0797880931030602,0.951696102140913,0.0450388659894182,0.40941266857203,0.195056785374171,-2.06030485329418,1.09454685998595,0.849876071740023,0.66108992488406,0.423845244927396,0.176683555236362
"2035","Yes",-0.0459044696186727,0.675293291705486,-0.268687475108073,-0.0872469911775328,-0.225925199854912,-0.23668413721913,-0.166677295852251,-0.0634762952839124,-0.0185754940991764,-0.145452613912565,-0.327183830519728,-0.133647221192514,-0.232718288944747
